{
  "metadata": {
    "is_multi_run": false,
    "n_samples": 50
  },
  "overall": {
    "baseline": {
      "mean": 0.2999855513895544
    },
    "chain": {
      "mean": 0.17599303259667226
    },
    "delta": -0.12399251879288214,
    "improvement_pct": -41.33283027083804
  },
  "by_use_case": {},
  "by_dimension": {
    "instruction_following": {
      "baseline": {
        "mean": 0.25
      },
      "chain": {
        "mean": 0.1388888888888889
      },
      "delta": -0.1111111111111111,
      "improvement_pct": -44.44444444444444,
      "n_rubrics": 252
    },
    "truthfulness": {
      "baseline": {
        "mean": 0.3153846153846154
      },
      "chain": {
        "mean": 0.13846153846153847
      },
      "delta": -0.1769230769230769,
      "improvement_pct": -56.09756097560975,
      "n_rubrics": 130
    },
    "conciseness_relevance": {
      "baseline": {
        "mean": 0.5555555555555556
      },
      "chain": {
        "mean": 0.2777777777777778
      },
      "delta": -0.2777777777777778,
      "improvement_pct": -50.0,
      "n_rubrics": 18
    },
    "style_tone": {
      "baseline": {
        "mean": 0.5189873417721519
      },
      "chain": {
        "mean": 0.4936708860759494
      },
      "delta": -0.0253164556962025,
      "improvement_pct": -4.8780487804877986,
      "n_rubrics": 79
    }
  },
  "by_skill": {
    "asking_guiding_questions": {
      "baseline": {
        "mean": 0.0
      },
      "chain": {
        "mean": 0.3333333333333333
      },
      "delta": 0.3333333333333333,
      "improvement_pct": Infinity,
      "n_rubrics": 3
    },
    "identifying_core_difficulty": {
      "baseline": {
        "mean": 0.16417910447761194
      },
      "chain": {
        "mean": 0.14925373134328357
      },
      "delta": -0.014925373134328374,
      "improvement_pct": -9.090909090909099,
      "n_rubrics": 67
    },
    "identifying_correct_steps": {
      "baseline": {
        "mean": 0.3064516129032258
      },
      "chain": {
        "mean": 0.16129032258064516
      },
      "delta": -0.14516129032258066,
      "improvement_pct": -47.36842105263158,
      "n_rubrics": 62
    },
    "including_examples": {
      "baseline": {
        "mean": 0.0
      },
      "chain": {
        "mean": 0.0
      },
      "delta": 0.0,
      "improvement_pct": 0.0,
      "n_rubrics": 15
    },
    "providing_alternative_solutions": {
      "baseline": {
        "mean": 0.0
      },
      "chain": {
        "mean": 0.0
      },
      "delta": 0.0,
      "improvement_pct": 0.0,
      "n_rubrics": 6
    },
    "stating_knowledge": {
      "baseline": {
        "mean": 0.38235294117647056
      },
      "chain": {
        "mean": 0.11764705882352941
      },
      "delta": -0.2647058823529411,
      "improvement_pct": -69.23076923076921,
      "n_rubrics": 136
    },
    "step_by_step_help": {
      "baseline": {
        "mean": 0.4482758620689655
      },
      "chain": {
        "mean": 0.20689655172413793
      },
      "delta": -0.2413793103448276,
      "improvement_pct": -53.84615384615385,
      "n_rubrics": 29
    }
  }
}