{
  "metadata": {
    "is_multi_run": false,
    "n_samples": 5
  },
  "overall": {
    "baseline": {
      "mean": 0.3294683653174219
    },
    "chain": {
      "mean": 0.2598619846261355
    },
    "delta": -0.06960638069128638,
    "improvement_pct": -21.12687833450263
  },
  "by_use_case": {},
  "by_dimension": {
    "instruction_following": {
      "baseline": {
        "mean": 0.3888888888888889
      },
      "chain": {
        "mean": 0.3333333333333333
      },
      "delta": -0.05555555555555558,
      "improvement_pct": -14.28571428571429,
      "n_rubrics": 18
    },
    "truthfulness": {
      "baseline": {
        "mean": 0.35714285714285715
      },
      "chain": {
        "mean": 0.21428571428571427
      },
      "delta": -0.14285714285714288,
      "improvement_pct": -40.0,
      "n_rubrics": 28
    },
    "conciseness_relevance": {
      "baseline": {
        "mean": 1.0
      },
      "chain": {
        "mean": 0.6666666666666666
      },
      "delta": -0.33333333333333337,
      "improvement_pct": -33.333333333333336,
      "n_rubrics": 3
    },
    "style_tone": {
      "baseline": {
        "mean": 0.42857142857142855
      },
      "chain": {
        "mean": 0.5714285714285714
      },
      "delta": 0.14285714285714285,
      "improvement_pct": 33.33333333333333,
      "n_rubrics": 7
    }
  },
  "by_skill": {
    "identifying_core_difficulty": {
      "baseline": {
        "mean": 0.16666666666666666
      },
      "chain": {
        "mean": 0.0
      },
      "delta": -0.16666666666666666,
      "improvement_pct": -100.0,
      "n_rubrics": 6
    },
    "identifying_correct_steps": {
      "baseline": {
        "mean": 0.4166666666666667
      },
      "chain": {
        "mean": 0.3333333333333333
      },
      "delta": -0.08333333333333337,
      "improvement_pct": -20.000000000000007,
      "n_rubrics": 12
    },
    "stating_knowledge": {
      "baseline": {
        "mean": 0.4117647058823529
      },
      "chain": {
        "mean": 0.35294117647058826
      },
      "delta": -0.05882352941176466,
      "improvement_pct": -14.285714285714276,
      "n_rubrics": 17
    },
    "step_by_step_help": {
      "baseline": {
        "mean": 1.0
      },
      "chain": {
        "mean": 0.5
      },
      "delta": -0.5,
      "improvement_pct": -50.0,
      "n_rubrics": 2
    }
  }
}